-- Adminer 4.8.1 PostgreSQL 14.5 (Ubuntu 14.5-0ubuntu0.22.04.1) dump

DROP TABLE IF EXISTS "cnfg_acl_actions";
DROP SEQUENCE IF EXISTS cnfg_acl_actions_action_id_seq;
CREATE SEQUENCE cnfg_acl_actions_action_id_seq INCREMENT 1 MINVALUE 1 MAXVALUE 2147483647 CACHE 1;

CREATE TABLE "public"."cnfg_acl_actions" (
    "action_id" integer DEFAULT nextval('cnfg_acl_actions_action_id_seq') NOT NULL,
    "action_controller_id" bigint NOT NULL,
    "action_name" text NOT NULL,
    "action_label" text NOT NULL,
    "action_desc" text NOT NULL,
    "action_resource" smallint,
    "action_type" smallint,
    "u_created" bigint,
    "u_modified" bigint,
    "u_deleted" bigint,
    "t_created" timestamp(0),
    "t_modified" timestamp(0),
    "t_deleted" timestamp(0),
    "deleted" smallint DEFAULT '0' NOT NULL,
    CONSTRAINT "cnfg_acl_actions_pkey" PRIMARY KEY ("action_id")
) WITH (oids = false);

TRUNCATE "cnfg_acl_actions";
INSERT INTO "cnfg_acl_actions" ("action_id", "action_controller_id", "action_name", "action_label", "action_desc", "action_resource", "action_type", "u_created", "u_modified", "u_deleted", "t_created", "t_modified", "t_deleted", "deleted") VALUES
(423,	67,	'index',	'index',	'index',	1,	3,	1,	NULL,	NULL,	'2022-12-09 08:03:57',	NULL,	NULL,	0),
(424,	67,	'add',	'add',	'add',	1,	1,	1,	NULL,	NULL,	'2022-12-09 08:03:57',	NULL,	NULL,	0),
(425,	67,	'edit',	'edit',	'edit',	1,	2,	1,	NULL,	NULL,	'2022-12-09 08:03:57',	NULL,	NULL,	0),
(426,	67,	'view',	'view',	'view',	1,	3,	1,	NULL,	NULL,	'2022-12-09 08:03:57',	NULL,	NULL,	0),
(427,	67,	'changepwd',	'changepwd',	'change password',	1,	2,	1,	NULL,	NULL,	'2022-12-09 08:03:57',	NULL,	NULL,	0),
(428,	67,	'reset',	'reset',	'reset password',	1,	2,	1,	NULL,	NULL,	'2022-12-09 08:03:57',	NULL,	NULL,	0),
(429,	67,	'getusers',	'Get users under roll',	'Get users under roll',	3,	3,	1,	NULL,	NULL,	'2022-12-09 08:03:57',	NULL,	NULL,	0),
(430,	68,	'dashboard',	'Dashboard Page',	'Dashboard Page',	1,	3,	1,	NULL,	NULL,	'2022-12-09 08:03:57',	NULL,	NULL,	0),
(431,	68,	'logout',	'logout Page',	'logout Page',	3,	3,	1,	NULL,	NULL,	'2022-12-09 08:03:57',	NULL,	NULL,	0),
(432,	68,	'index',	'login Page',	'login Page',	3,	3,	1,	NULL,	NULL,	'2022-12-09 08:03:57',	NULL,	NULL,	0),
(433,	68,	'login',	'admin login Page',	'admin login Page',	3,	3,	1,	NULL,	NULL,	'2022-12-09 08:03:58',	NULL,	NULL,	0),
(434,	68,	'download',	'download',	'download',	3,	3,	1,	NULL,	NULL,	'2022-12-09 08:03:58',	NULL,	NULL,	0),
(435,	68,	'displayimg',	'Display Image',	'Image',	3,	3,	1,	NULL,	NULL,	'2022-12-09 08:03:58',	NULL,	NULL,	0),
(436,	68,	'popupclose',	'Close',	'popupclose',	3,	3,	1,	NULL,	NULL,	'2022-12-09 08:03:58',	NULL,	NULL,	0),
(437,	69,	'setmodules',	'setmodules',	'setmodules',	1,	2,	1,	NULL,	NULL,	'2022-12-09 08:03:58',	NULL,	NULL,	0),
(438,	69,	'setcontrollers',	'setcontrollers',	'setcontrollers',	1,	2,	1,	NULL,	NULL,	'2022-12-09 08:03:58',	NULL,	NULL,	0),
(439,	69,	'setactions',	'setactions',	'setactions',	1,	2,	1,	NULL,	NULL,	'2022-12-09 08:03:58',	NULL,	NULL,	0),
(440,	69,	'getpermission',	'getpermission',	'getpermission',	3,	3,	1,	NULL,	NULL,	'2022-12-09 08:03:58',	NULL,	NULL,	0),
(441,	69,	'resources',	'resources',	'resources',	1,	2,	1,	NULL,	NULL,	'2022-12-09 08:03:58',	NULL,	NULL,	0),
(442,	70,	'list',	'List',	'List',	1,	3,	1,	NULL,	NULL,	'2022-12-09 08:03:58',	NULL,	NULL,	0),
(443,	70,	'add',	'Add',	'Add Employee',	1,	1,	1,	NULL,	NULL,	'2022-12-09 08:03:58',	NULL,	NULL,	0),
(444,	70,	'edit',	'Edit',	'Edit Employee',	1,	2,	1,	NULL,	NULL,	'2022-12-09 08:03:59',	NULL,	NULL,	0),
(445,	70,	'view',	'view',	'view',	1,	3,	1,	NULL,	NULL,	'2022-12-09 08:03:59',	NULL,	NULL,	0),
(446,	70,	'status',	'Status',	'Change Status',	1,	2,	1,	NULL,	NULL,	'2022-12-09 08:03:59',	NULL,	NULL,	0),
(447,	70,	'empcontact',	'Employee Contact',	'View and Add Employee Contact',	1,	1,	1,	NULL,	NULL,	'2022-12-09 08:03:59',	NULL,	NULL,	0),
(448,	70,	'empcontactedit',	'Modify Employee Contact',	'Modify Employee Contact',	1,	2,	1,	NULL,	NULL,	'2022-12-09 08:03:59',	NULL,	NULL,	0),
(449,	70,	'empcontract',	'Employee Contract',	'Add Employee Contract',	1,	1,	1,	NULL,	NULL,	'2022-12-09 08:03:59',	NULL,	NULL,	0),
(450,	70,	'empcontractedit',	'Modify Employee Contract',	'Modify Employee Contract',	1,	2,	1,	NULL,	NULL,	'2022-12-09 08:03:59',	NULL,	NULL,	0),
(451,	70,	'empdocs',	'Employee Documents',	'View and Add Employee Documents and Photo
					',	1,	1,	1,	NULL,	NULL,	'2022-12-09 08:03:59',	NULL,	NULL,	0),
(452,	70,	'empdocsedit',	'Employee Documents Edit',	'Modify Employee Documents',	1,	2,	1,	NULL,	NULL,	'2022-12-09 08:03:59',	NULL,	NULL,	0),
(453,	70,	'empdocview',	'Employee Documents View',	'View Employee Documents',	1,	3,	1,	NULL,	NULL,	'2022-12-09 08:03:59',	NULL,	NULL,	0),
(454,	70,	'empdocdelete',	'Delete Employee Documents ',	'Delete Employee Documents',	1,	4,	1,	NULL,	NULL,	'2022-12-09 08:03:59',	NULL,	NULL,	0),
(455,	70,	'profile',	'Employee Profile View',	'View Employee Profile',	1,	3,	1,	NULL,	NULL,	'2022-12-09 08:03:59',	NULL,	NULL,	0),
(456,	70,	'vehiclereg',	'Driver, Operator Vehicle Registration',	'Driver, Operator Vehicle Registration',	1,	1,	1,	NULL,	NULL,	'2022-12-09 08:03:59',	NULL,	NULL,	0),
(457,	70,	'getlive',	'Employee Department Ajax',	'Employee Department Ajax',	3,	3,	1,	NULL,	NULL,	'2022-12-09 08:03:59',	NULL,	NULL,	0),
(458,	71,	'emppay',	'Employee Salary Add and View',	'Employee Salary Add and View',	1,	1,	1,	NULL,	NULL,	'2022-12-09 08:04:00',	NULL,	NULL,	0),
(459,	71,	'emppayedit',	'Modify Employee Salary',	'Modify Employee Salary',	1,	2,	1,	NULL,	NULL,	'2022-12-09 08:04:00',	NULL,	NULL,	0),
(460,	71,	'list',	'Monthly Payroll List',	'Modify Employee Salary',	1,	3,	1,	NULL,	NULL,	'2022-12-09 08:04:00',	NULL,	NULL,	0),
(461,	71,	'salary',	'Monthly Payroll Preparation',	'Monthly Payroll Preparation',	1,	2,	1,	NULL,	NULL,	'2022-12-09 08:04:00',	NULL,	NULL,	0),
(462,	71,	'report',	'Monthly Payroll Report',	'Monthly Payroll Report',	1,	3,	1,	NULL,	NULL,	'2022-12-09 08:04:00',	NULL,	NULL,	0),
(463,	72,	'add',	'Add Property',	'Add Property or Building ',	1,	1,	1,	NULL,	NULL,	'2022-12-09 08:04:00',	NULL,	NULL,	0),
(464,	72,	'edit',	'Modify Property Details',	'Modify Property or Building Deatils',	1,	2,	1,	NULL,	NULL,	'2022-12-09 08:04:00',	NULL,	NULL,	0),
(465,	72,	'list',	'Property Listing ',	'Property Listing Page',	1,	3,	1,	NULL,	NULL,	'2022-12-09 08:04:00',	NULL,	NULL,	0),
(466,	72,	'view',	'Property Details View ',	'Property Details View',	1,	3,	1,	NULL,	NULL,	'2022-12-09 08:04:00',	NULL,	NULL,	0),
(467,	72,	'payoptions',	'Property Pay option  ',	'Property Rent payment option ',	1,	1,	1,	NULL,	NULL,	'2022-12-09 08:04:00',	NULL,	NULL,	0),
(468,	72,	'propdocs',	'Property Documents',	'View and Add Property Documents and Photo
					',	1,	1,	1,	NULL,	NULL,	'2022-12-09 08:04:00',	NULL,	NULL,	0),
(469,	72,	'propdocsedit',	'Property Documents Edit',	'Modify Property Documents',	1,	2,	1,	NULL,	NULL,	'2022-12-09 08:04:00',	NULL,	NULL,	0),
(470,	72,	'propdocview',	'Property Documents View',	'View Property Documents',	1,	3,	1,	NULL,	NULL,	'2022-12-09 08:04:01',	NULL,	NULL,	0),
(471,	72,	'propdocdelete',	'Delete Property Documents ',	'Delete Property Documents',	1,	4,	1,	NULL,	NULL,	'2022-12-09 08:04:01',	NULL,	NULL,	0),
(472,	72,	'profile',	'Property Profile View',	'View Property Profile',	1,	3,	1,	NULL,	NULL,	'2022-12-09 08:04:01',	NULL,	NULL,	0),
(473,	72,	'status',	'Property Status Update  ',	'Property current status update',	1,	2,	1,	NULL,	NULL,	'2022-12-09 08:04:01',	NULL,	NULL,	0),
(474,	72,	'propdocscomm',	'Property Building Documents',	'Property - Buildings Common Documents view and add
					',	1,	1,	1,	NULL,	NULL,	'2022-12-09 08:04:01',	NULL,	NULL,	0),
(475,	72,	'propdocscommedit',	'Property Building Documents Edit',	'Modify Property - Buildings Common Documents
					',	1,	2,	1,	NULL,	NULL,	'2022-12-09 08:04:01',	NULL,	NULL,	0),
(476,	73,	'propertypay',	'Property Rent Schedule',	'Property Rent Schedule Listing',	1,	3,	1,	NULL,	NULL,	'2022-12-09 08:04:01',	NULL,	NULL,	0),
(477,	73,	'adddemand',	'Demand Rent Collection',	'Demand Pproperty Rent Collection',	1,	2,	1,	NULL,	NULL,	'2022-12-09 08:04:01',	NULL,	NULL,	0),
(478,	74,	'add',	'Add Vehicle',	'Add Vehicle',	1,	1,	1,	NULL,	NULL,	'2022-12-09 08:04:01',	NULL,	NULL,	0),
(479,	74,	'edit',	'Update Vehicle Details',	'Update Vehicle Details',	1,	2,	1,	NULL,	NULL,	'2022-12-09 08:04:01',	NULL,	NULL,	0),
(480,	74,	'list',	'List Vehicle Details',	'List Vehicle Details',	1,	3,	1,	NULL,	NULL,	'2022-12-09 08:04:01',	NULL,	NULL,	0),
(481,	74,	'view',	'view Vehicle Details',	'View Vehicle Details',	1,	3,	1,	NULL,	NULL,	'2022-12-09 08:04:01',	NULL,	NULL,	0),
(482,	74,	'vhldocs',	'Vehicle Documents',	'View and Add Vehicle Documents and Photo
					',	1,	1,	1,	NULL,	NULL,	'2022-12-09 08:04:02',	NULL,	NULL,	0),
(483,	74,	'vhldocsedit',	'Vehicle Documents Edit',	'Modify Vehicle Documents',	1,	2,	1,	NULL,	NULL,	'2022-12-09 08:04:02',	NULL,	NULL,	0),
(484,	74,	'propdocview',	'Vehicle Documents View',	'View Vehicle Documents',	1,	3,	1,	NULL,	NULL,	'2022-12-09 08:04:02',	NULL,	NULL,	0),
(485,	74,	'vhldocsdelete',	'Delete Vehicle Documents ',	'Delete Vehicle Documents',	1,	4,	1,	NULL,	NULL,	'2022-12-09 08:04:02',	NULL,	NULL,	0),
(486,	74,	'vhldocsview',	'Vehicle Profile View',	'View Vehicle Profile',	1,	3,	1,	NULL,	NULL,	'2022-12-09 08:04:02',	NULL,	NULL,	0),
(487,	75,	'vhlservice',	'Add and View Vehicle Service',	'Add Vehicle Service',	1,	1,	1,	NULL,	NULL,	'2022-12-09 08:04:02',	NULL,	NULL,	0),
(488,	75,	'vhlserviceedit',	'Modify Vehicle Service Entry',	'Modify Vehicle Service Entry',	1,	2,	1,	NULL,	NULL,	'2022-12-09 08:04:02',	NULL,	NULL,	0),
(489,	76,	'add',	'Add Expense',	'Add Expense',	1,	1,	1,	NULL,	NULL,	'2022-12-09 08:04:02',	NULL,	NULL,	0),
(490,	76,	'edit',	'Modify Expense',	'Modify Expense',	1,	2,	1,	NULL,	NULL,	'2022-12-09 08:04:02',	NULL,	NULL,	0),
(491,	76,	'list',	'List Expenses',	'List Expenses Entries',	1,	3,	1,	NULL,	NULL,	'2022-12-09 08:04:02',	NULL,	NULL,	0),
(492,	76,	'view',	'view Expenses Details',	'view Expenses Details Details Entries',	1,	3,	1,	NULL,	NULL,	'2022-12-09 08:04:02',	NULL,	NULL,	0),
(493,	76,	'approval',	'Approval Expenses Entry',	'Approval of Expense Entry ',	1,	2,	1,	NULL,	NULL,	'2022-12-09 08:04:02',	NULL,	NULL,	0),
(494,	76,	'update',	'Modify Approved Expenses Entry',	' Cancel/ Return / Partial Return of Expense entry
					',	1,	2,	1,	NULL,	NULL,	'2022-12-09 08:04:03',	NULL,	NULL,	0),
(495,	76,	'catedit',	'Update expense category',	' Update expense category',	1,	2,	1,	NULL,	NULL,	'2022-12-09 08:04:03',	NULL,	NULL,	0),
(496,	76,	'getlive',	'Expense Category Ajax',	'Expense Category Ajax',	3,	3,	1,	NULL,	NULL,	'2022-12-09 08:04:03',	NULL,	NULL,	0),
(497,	77,	'add',	'Create Payments Entry',	'Crate Payments Entry',	1,	1,	1,	NULL,	NULL,	'2022-12-09 08:04:03',	NULL,	NULL,	0),
(498,	77,	'edit',	'Modify Payments Entry',	'Modify Payments Entry',	1,	2,	1,	NULL,	NULL,	'2022-12-09 08:04:03',	NULL,	NULL,	0),
(499,	77,	'list',	'List Payments Entry',	'List Payments Entry',	1,	3,	1,	NULL,	NULL,	'2022-12-09 08:04:03',	NULL,	NULL,	0),
(500,	77,	'view',	'View Payments Entry',	'View Payments Entry',	1,	3,	1,	NULL,	NULL,	'2022-12-09 08:04:03',	NULL,	NULL,	0),
(501,	77,	'approval',	'Approve Payments Entry',	'Approve Payments Entry',	1,	2,	1,	NULL,	NULL,	'2022-12-09 08:04:03',	NULL,	NULL,	0),
(502,	77,	'remittance',	'View and Print Remittance advice',	'View and Print Remittance advice',	1,	3,	1,	NULL,	NULL,	'2022-12-09 08:04:03',	NULL,	NULL,	0),
(503,	77,	'voucher',	'Payment voucher entry',	'Payment voucher entry',	1,	2,	1,	NULL,	NULL,	'2022-12-09 08:04:03',	NULL,	NULL,	0),
(504,	77,	'close',	'Close Payments Entry',	'Close Payments Entry',	1,	2,	1,	NULL,	NULL,	'2022-12-09 08:04:03',	NULL,	NULL,	0),
(505,	77,	'editoption',	'Update Payments fund',	'Update Payments fund',	1,	2,	1,	NULL,	NULL,	'2022-12-09 08:04:03',	NULL,	NULL,	0),
(506,	78,	'add',	'Add Invoice',	'Add Invoice',	1,	1,	1,	NULL,	NULL,	'2022-12-09 08:04:04',	NULL,	NULL,	0),
(507,	78,	'edit',	'Modify Invoice',	'Modify Invoice Details',	1,	2,	1,	NULL,	NULL,	'2022-12-09 08:04:04',	NULL,	NULL,	0),
(508,	78,	'list',	'List Invoice',	'List Invoice Details',	1,	3,	1,	NULL,	NULL,	'2022-12-09 08:04:04',	NULL,	NULL,	0),
(509,	78,	'view',	'Print Invoice',	'Print Invoice',	1,	3,	1,	NULL,	NULL,	'2022-12-09 08:04:04',	NULL,	NULL,	0),
(510,	78,	'miniview',	'View Invoice Details',	'View Invoice Details',	1,	3,	1,	NULL,	NULL,	'2022-12-09 08:04:04',	NULL,	NULL,	0),
(511,	78,	'approval',	'Approve Invoice Entry',	'Approve Invoice Entry',	1,	2,	1,	NULL,	NULL,	'2022-12-09 08:04:04',	NULL,	NULL,	0),
(512,	78,	'editenable',	'Enable edit /CancelInvoice Entry',	'Enable edit /CancelInvoice Entry',	1,	2,	1,	NULL,	NULL,	'2022-12-09 08:04:04',	NULL,	NULL,	0),
(513,	79,	'add',	'Add Collection entry',	'Add Collection entry',	1,	1,	1,	NULL,	NULL,	'2022-12-09 08:04:04',	NULL,	NULL,	0),
(514,	79,	'edit',	'Modify Collection entry',	'Modify Collection entry',	1,	2,	1,	NULL,	NULL,	'2022-12-09 08:04:04',	NULL,	NULL,	0),
(515,	79,	'list',	'List Collection entry',	'List Collection entry',	1,	3,	1,	NULL,	NULL,	'2022-12-09 08:04:05',	NULL,	NULL,	0),
(516,	79,	'view',	'View Collection entry',	'View Collection entry',	1,	3,	1,	NULL,	NULL,	'2022-12-09 08:04:05',	NULL,	NULL,	0),
(517,	79,	'approval',	'Approve Collection entry',	'Approve Collection entry',	1,	2,	1,	NULL,	NULL,	'2022-12-09 08:04:05',	NULL,	NULL,	0),
(518,	80,	'add',	'Add Company Documents',	'Add Company Documents',	1,	1,	1,	NULL,	NULL,	'2022-12-09 08:04:05',	NULL,	NULL,	0),
(519,	80,	'edit',	'Modify Company Documents',	'Modify Company Documents',	1,	2,	1,	NULL,	NULL,	'2022-12-09 08:04:05',	NULL,	NULL,	0),
(520,	80,	'list',	'List Company Documents',	'List Company Documents',	1,	3,	1,	NULL,	NULL,	'2022-12-09 08:04:05',	NULL,	NULL,	0),
(521,	81,	'add',	'Add updates',	'Add updates',	1,	1,	1,	NULL,	NULL,	'2022-12-09 08:04:06',	NULL,	NULL,	0),
(522,	81,	'edit',	'Edit updates',	'Edit updates',	1,	2,	1,	NULL,	NULL,	'2022-12-09 08:04:06',	NULL,	NULL,	0),
(523,	81,	'list',	'List updates',	'List updates',	1,	3,	1,	NULL,	NULL,	'2022-12-09 08:04:06',	NULL,	NULL,	0),
(524,	81,	'report',	'Updates Report',	'Updates Report',	1,	3,	1,	NULL,	NULL,	'2022-12-09 08:04:06',	NULL,	NULL,	0),
(525,	81,	'status',	'Updates Status of Updates',	'Updates Status',	1,	2,	1,	NULL,	NULL,	'2022-12-09 08:04:06',	NULL,	NULL,	0),
(526,	82,	'add',	'Add Common Documents',	'Add Common updates',	1,	1,	1,	NULL,	NULL,	'2022-12-09 08:04:06',	NULL,	NULL,	0),
(527,	82,	'edit',	'Modify Common Documents',	'Modify Common Documents',	1,	2,	1,	NULL,	NULL,	'2022-12-09 08:04:06',	NULL,	NULL,	0),
(528,	82,	'documents',	'List Common Documents',	'List Common Documents',	1,	3,	1,	NULL,	NULL,	'2022-12-09 08:04:06',	NULL,	NULL,	0),
(529,	82,	'getlive',	'Access Common Documents Ajax',	'Access Common Documents Ajax',	3,	3,	1,	NULL,	NULL,	'2022-12-09 08:04:06',	NULL,	NULL,	0),
(530,	83,	'list',	'Cash Flow List',	'Cash Flow List',	1,	3,	1,	NULL,	NULL,	'2022-12-09 08:04:06',	NULL,	NULL,	0),
(531,	83,	'flow',	'Cash Flow Entry',	'Cash Flow Entry',	1,	1,	1,	NULL,	NULL,	'2022-12-09 08:04:06',	NULL,	NULL,	0),
(532,	83,	'fedit',	'Modify Cash Flow Entry',	'Modify Cash Flow Entry',	1,	2,	1,	NULL,	NULL,	'2022-12-09 08:04:07',	NULL,	NULL,	0),
(533,	83,	'billview',	'Cash flow Expense View',	'Cash flow Expense View',	1,	3,	1,	NULL,	NULL,	'2022-12-09 08:04:07',	NULL,	NULL,	0),
(534,	83,	'fviewmini',	'View Cashflow ',	'View Cashflow Entry',	1,	3,	1,	NULL,	NULL,	'2022-12-09 08:04:07',	NULL,	NULL,	0),
(535,	83,	'fview',	'View and Print Cashflow ',	'View Cashflow Entry',	1,	3,	1,	NULL,	NULL,	'2022-12-09 08:04:07',	NULL,	NULL,	0),
(536,	83,	'cashfreport',	'Cash Flow Report ',	'Cash Flow Report',	1,	3,	1,	NULL,	NULL,	'2022-12-09 08:04:07',	NULL,	NULL,	0),
(537,	83,	'toggle',	'Cash Flow Entry Approval [MD] ',	'Cash Flow Report',	1,	2,	1,	NULL,	NULL,	'2022-12-09 08:04:07',	NULL,	NULL,	0),
(538,	84,	'list',	'Cash Book List',	'Cash Book List',	1,	3,	1,	NULL,	NULL,	'2022-12-09 08:04:07',	NULL,	NULL,	0),
(539,	84,	'add',	'Add Cash Book Entry',	'Add Cash Book Entry',	1,	1,	1,	NULL,	NULL,	'2022-12-09 08:04:07',	NULL,	NULL,	0),
(540,	84,	'cashreport',	'Cash Book Report',	'Cash Book Report',	1,	3,	1,	NULL,	NULL,	'2022-12-09 08:04:07',	NULL,	NULL,	0),
(541,	85,	'list',	'List Customers',	'List Customers',	1,	3,	1,	NULL,	NULL,	'2022-12-09 08:04:07',	NULL,	NULL,	0),
(542,	85,	'add',	'Add New Customers',	'Add New Customers',	1,	1,	1,	NULL,	NULL,	'2022-12-09 08:04:07',	NULL,	NULL,	0),
(543,	85,	'edit',	'Edit Customer Details',	'Edit Customer Details',	1,	2,	1,	NULL,	NULL,	'2022-12-09 08:04:08',	NULL,	NULL,	0),
(544,	85,	'view',	'View Customer Details',	'View Customer Details',	1,	3,	1,	NULL,	NULL,	'2022-12-09 08:04:08',	NULL,	NULL,	0),
(545,	86,	'list',	'List Vendor',	'List Vendor',	1,	3,	1,	NULL,	NULL,	'2022-12-09 08:04:08',	NULL,	NULL,	0),
(546,	86,	'add',	'Add New Vendor',	'Add New Vendor',	1,	1,	1,	NULL,	NULL,	'2022-12-09 08:04:08',	NULL,	NULL,	0),
(547,	86,	'edit',	'Edit Vendor Details',	'Edit Vendor Details',	1,	2,	1,	NULL,	NULL,	'2022-12-09 08:04:08',	NULL,	NULL,	0),
(548,	86,	'view',	'View Vendor Details',	'View Vendor Details',	1,	3,	1,	NULL,	NULL,	'2022-12-09 08:04:08',	NULL,	NULL,	0),
(549,	87,	'list',	'List Item',	'List Item',	1,	3,	1,	NULL,	NULL,	'2022-12-09 08:04:08',	NULL,	NULL,	0),
(550,	87,	'add',	'Add New Item',	'Add New Item',	1,	1,	1,	NULL,	NULL,	'2022-12-09 08:04:08',	NULL,	NULL,	0),
(551,	87,	'edit',	'Edit Item Details',	'Edit Item Details',	1,	2,	1,	NULL,	NULL,	'2022-12-09 08:04:09',	NULL,	NULL,	0),
(552,	87,	'view',	'View Item Details',	'View Item Details',	1,	3,	1,	NULL,	NULL,	'2022-12-09 08:04:09',	NULL,	NULL,	0),
(553,	87,	'srvadd',	'Machine Service Related Item Add',	'Machine Service Related Item Add',	1,	NULL,	1,	NULL,	NULL,	'2022-12-09 08:04:09',	NULL,	NULL,	0),
(554,	88,	'employee',	'Report : Employees',	'Report : Employees',	1,	3,	1,	NULL,	NULL,	'2022-12-09 08:04:09',	NULL,	NULL,	0),
(555,	88,	'empdocument',	'Report : Employees Documents',	'Report : Employees',	1,	3,	1,	NULL,	NULL,	'2022-12-09 08:04:09',	NULL,	NULL,	0),
(556,	88,	'empcontract',	'Report : Drivers / Operators Contract',	'Report : Drivers / Operators Contract',	1,	3,	1,	NULL,	NULL,	'2022-12-09 08:04:09',	NULL,	NULL,	0),
(557,	89,	'property',	'Report : Properties',	'Report : Properties',	1,	3,	1,	NULL,	NULL,	'2022-12-09 08:04:09',	NULL,	NULL,	0),
(558,	89,	'propdocument',	'Report : Properties Documents',	'Report : Properties',	1,	3,	1,	NULL,	NULL,	'2022-12-09 08:04:10',	NULL,	NULL,	0),
(559,	89,	'propertymeter',	'Report : Property Electrical and Water Meter',	'Report : Property Electrical and Water Meter
					',	1,	3,	1,	NULL,	NULL,	'2022-12-09 08:04:10',	NULL,	NULL,	0),
(560,	89,	'propvacant',	'Report : Vacant Property Report',	'Report : Vacant Property Report',	1,	3,	1,	NULL,	NULL,	'2022-12-09 08:04:10',	NULL,	NULL,	0),
(561,	89,	'paymentcollection',	'Report : Payment Collection Rent and Invoice',	'Report : Payment Collection Rent and Invoice
					',	1,	3,	1,	NULL,	NULL,	'2022-12-09 08:04:10',	NULL,	NULL,	0),
(562,	90,	'vehicle',	'Report : Vehicles',	'Report : Vehicles',	1,	3,	1,	NULL,	NULL,	'2022-12-09 08:04:10',	NULL,	NULL,	0),
(563,	90,	'vhldocument',	'Report : Vehicles Documents',	'Report : Vehicles',	1,	3,	1,	NULL,	NULL,	'2022-12-09 08:04:10',	NULL,	NULL,	0),
(564,	90,	'commveh',	'Report : Commercial Vehicles',	'Report : Commercial Vehicles',	1,	3,	1,	NULL,	NULL,	'2022-12-09 08:04:10',	NULL,	NULL,	0),
(565,	90,	'vehiclecontract',	'Report : Vehicle Contract',	'Report : Vehicle Contract',	1,	3,	1,	NULL,	NULL,	'2022-12-09 08:04:11',	NULL,	NULL,	0),
(566,	90,	'vhlexpense',	'Report : Vehicles Expense Report',	'Report : Vehicles Expense Report',	1,	3,	1,	NULL,	NULL,	'2022-12-09 08:04:11',	NULL,	NULL,	0),
(567,	91,	'expense',	'Report : Expenses With Detailed Consolidation',	'Report : Vehicles',	1,	3,	1,	NULL,	NULL,	'2022-12-09 08:04:11',	NULL,	NULL,	0),
(568,	91,	'expensecategory',	'Report : Expenses Category Wise',	'Report : Expenses Category Wise',	1,	3,	1,	NULL,	NULL,	'2022-12-09 08:04:11',	NULL,	NULL,	0),
(569,	91,	'expvendoroutstanding',	'Report: Pending Credit Statement',	'Report: Pending Credit Statement',	1,	3,	1,	NULL,	NULL,	'2022-12-09 08:04:11',	NULL,	NULL,	0),
(570,	91,	'expvensummary',	'Report: Pending Credit Summary',	'Report: Pending Credit Summary',	1,	3,	1,	NULL,	NULL,	'2022-12-09 08:04:11',	NULL,	NULL,	0),
(571,	92,	'billbycustomer',	'Report: Outstanding Summary Statement',	'Report: Outstanding Statement',	1,	3,	1,	NULL,	NULL,	'2022-12-09 08:04:11',	NULL,	NULL,	0),
(572,	92,	'billcustoutstanding',	'Report: Outstanding Detailed Statement',	'Report: Outstanding Detailed Statement',	1,	3,	1,	NULL,	NULL,	'2022-12-09 08:04:11',	NULL,	NULL,	0),
(573,	92,	'billlisting',	'Report: List of Invoices',	'Report: List of Invoices',	1,	3,	1,	NULL,	NULL,	'2022-12-09 08:04:11',	NULL,	NULL,	0),
(574,	92,	'billoutstanding',	'Report: Outstanding Statement',	'Report: Outstanding Statement',	1,	3,	1,	NULL,	NULL,	'2022-12-09 08:04:11',	NULL,	NULL,	0);

DROP TABLE IF EXISTS "cnfg_acl_actions_access";
DROP SEQUENCE IF EXISTS cnfg_acl_actions_access_aacc_id_seq;
CREATE SEQUENCE cnfg_acl_actions_access_aacc_id_seq INCREMENT 1 MINVALUE 1 MAXVALUE 2147483647 CACHE 1;

CREATE TABLE "public"."cnfg_acl_actions_access" (
    "aacc_id" integer DEFAULT nextval('cnfg_acl_actions_access_aacc_id_seq') NOT NULL,
    "aacc_action_id" bigint NOT NULL,
    "aacc_role_id" bigint NOT NULL,
    "aacc_role_type" smallint NOT NULL,
    "aacc_access_status" smallint DEFAULT '1' NOT NULL,
    "u_created" bigint,
    "u_modified" bigint,
    "u_deleted" bigint,
    "t_created" timestamp(0),
    "t_modified" timestamp(0),
    "t_deleted" timestamp(0),
    "deleted" smallint DEFAULT '0' NOT NULL,
    CONSTRAINT "cnfg_acl_actions_access_pkey" PRIMARY KEY ("aacc_id")
) WITH (oids = false);

TRUNCATE "cnfg_acl_actions_access";
INSERT INTO "cnfg_acl_actions_access" ("aacc_id", "aacc_action_id", "aacc_role_id", "aacc_role_type", "aacc_access_status", "u_created", "u_modified", "u_deleted", "t_created", "t_modified", "t_deleted", "deleted") VALUES
(2096,	423,	1,	2,	2,	1,	NULL,	NULL,	'2022-12-09 08:04:24',	NULL,	NULL,	0),
(2097,	424,	1,	2,	2,	1,	NULL,	NULL,	'2022-12-09 08:04:24',	NULL,	NULL,	0),
(2098,	425,	1,	2,	2,	1,	NULL,	NULL,	'2022-12-09 08:04:24',	NULL,	NULL,	0),
(2099,	426,	1,	2,	2,	1,	NULL,	NULL,	'2022-12-09 08:04:24',	NULL,	NULL,	0),
(2100,	427,	1,	2,	2,	1,	NULL,	NULL,	'2022-12-09 08:04:24',	NULL,	NULL,	0),
(2101,	428,	1,	2,	2,	1,	NULL,	NULL,	'2022-12-09 08:04:24',	NULL,	NULL,	0),
(2102,	430,	1,	2,	2,	1,	NULL,	NULL,	'2022-12-09 08:04:25',	NULL,	NULL,	0),
(2103,	437,	1,	2,	2,	1,	NULL,	NULL,	'2022-12-09 08:04:25',	NULL,	NULL,	0),
(2104,	438,	1,	2,	2,	1,	NULL,	NULL,	'2022-12-09 08:04:25',	NULL,	NULL,	0),
(2105,	439,	1,	2,	2,	1,	NULL,	NULL,	'2022-12-09 08:04:25',	NULL,	NULL,	0),
(2106,	441,	1,	2,	2,	1,	NULL,	NULL,	'2022-12-09 08:04:25',	NULL,	NULL,	0),
(2107,	442,	1,	2,	2,	1,	NULL,	NULL,	'2022-12-09 08:04:25',	NULL,	NULL,	0),
(2108,	443,	1,	2,	2,	1,	NULL,	NULL,	'2022-12-09 08:04:25',	NULL,	NULL,	0),
(2109,	444,	1,	2,	2,	1,	NULL,	NULL,	'2022-12-09 08:04:25',	NULL,	NULL,	0),
(2110,	445,	1,	2,	2,	1,	NULL,	NULL,	'2022-12-09 08:04:25',	NULL,	NULL,	0),
(2111,	446,	1,	2,	2,	1,	NULL,	NULL,	'2022-12-09 08:04:25',	NULL,	NULL,	0),
(2112,	447,	1,	2,	2,	1,	NULL,	NULL,	'2022-12-09 08:04:26',	NULL,	NULL,	0),
(2113,	448,	1,	2,	2,	1,	NULL,	NULL,	'2022-12-09 08:04:26',	NULL,	NULL,	0),
(2114,	449,	1,	2,	2,	1,	NULL,	NULL,	'2022-12-09 08:04:26',	NULL,	NULL,	0),
(2115,	450,	1,	2,	2,	1,	NULL,	NULL,	'2022-12-09 08:04:26',	NULL,	NULL,	0),
(2116,	451,	1,	2,	2,	1,	NULL,	NULL,	'2022-12-09 08:04:26',	NULL,	NULL,	0),
(2117,	452,	1,	2,	2,	1,	NULL,	NULL,	'2022-12-09 08:04:26',	NULL,	NULL,	0),
(2118,	453,	1,	2,	2,	1,	NULL,	NULL,	'2022-12-09 08:04:26',	NULL,	NULL,	0),
(2119,	454,	1,	2,	2,	1,	NULL,	NULL,	'2022-12-09 08:04:26',	NULL,	NULL,	0),
(2120,	455,	1,	2,	2,	1,	NULL,	NULL,	'2022-12-09 08:04:26',	NULL,	NULL,	0),
(2121,	456,	1,	2,	2,	1,	NULL,	NULL,	'2022-12-09 08:04:26',	NULL,	NULL,	0),
(2122,	458,	1,	2,	2,	1,	NULL,	NULL,	'2022-12-09 08:04:26',	NULL,	NULL,	0),
(2123,	459,	1,	2,	2,	1,	NULL,	NULL,	'2022-12-09 08:04:26',	NULL,	NULL,	0),
(2124,	460,	1,	2,	2,	1,	NULL,	NULL,	'2022-12-09 08:04:26',	NULL,	NULL,	0),
(2125,	461,	1,	2,	2,	1,	NULL,	NULL,	'2022-12-09 08:04:26',	NULL,	NULL,	0),
(2126,	462,	1,	2,	2,	1,	NULL,	NULL,	'2022-12-09 08:04:26',	NULL,	NULL,	0),
(2127,	463,	1,	2,	2,	1,	NULL,	NULL,	'2022-12-09 08:04:27',	NULL,	NULL,	0),
(2128,	464,	1,	2,	2,	1,	NULL,	NULL,	'2022-12-09 08:04:27',	NULL,	NULL,	0),
(2129,	465,	1,	2,	2,	1,	NULL,	NULL,	'2022-12-09 08:04:27',	NULL,	NULL,	0),
(2130,	466,	1,	2,	2,	1,	NULL,	NULL,	'2022-12-09 08:04:27',	NULL,	NULL,	0),
(2131,	467,	1,	2,	2,	1,	NULL,	NULL,	'2022-12-09 08:04:27',	NULL,	NULL,	0),
(2132,	468,	1,	2,	2,	1,	NULL,	NULL,	'2022-12-09 08:04:27',	NULL,	NULL,	0),
(2133,	469,	1,	2,	2,	1,	NULL,	NULL,	'2022-12-09 08:04:27',	NULL,	NULL,	0),
(2134,	470,	1,	2,	2,	1,	NULL,	NULL,	'2022-12-09 08:04:27',	NULL,	NULL,	0),
(2135,	471,	1,	2,	2,	1,	NULL,	NULL,	'2022-12-09 08:04:27',	NULL,	NULL,	0),
(2136,	472,	1,	2,	2,	1,	NULL,	NULL,	'2022-12-09 08:04:27',	NULL,	NULL,	0),
(2137,	473,	1,	2,	2,	1,	NULL,	NULL,	'2022-12-09 08:04:27',	NULL,	NULL,	0),
(2138,	474,	1,	2,	2,	1,	NULL,	NULL,	'2022-12-09 08:04:27',	NULL,	NULL,	0),
(2139,	475,	1,	2,	2,	1,	NULL,	NULL,	'2022-12-09 08:04:27',	NULL,	NULL,	0),
(2140,	476,	1,	2,	2,	1,	NULL,	NULL,	'2022-12-09 08:04:27',	NULL,	NULL,	0),
(2141,	477,	1,	2,	2,	1,	NULL,	NULL,	'2022-12-09 08:04:27',	NULL,	NULL,	0),
(2142,	478,	1,	2,	2,	1,	NULL,	NULL,	'2022-12-09 08:04:28',	NULL,	NULL,	0),
(2143,	479,	1,	2,	2,	1,	NULL,	NULL,	'2022-12-09 08:04:28',	NULL,	NULL,	0),
(2144,	480,	1,	2,	2,	1,	NULL,	NULL,	'2022-12-09 08:04:28',	NULL,	NULL,	0),
(2145,	481,	1,	2,	2,	1,	NULL,	NULL,	'2022-12-09 08:04:28',	NULL,	NULL,	0),
(2146,	482,	1,	2,	2,	1,	NULL,	NULL,	'2022-12-09 08:04:28',	NULL,	NULL,	0),
(2147,	483,	1,	2,	2,	1,	NULL,	NULL,	'2022-12-09 08:04:28',	NULL,	NULL,	0),
(2148,	484,	1,	2,	2,	1,	NULL,	NULL,	'2022-12-09 08:04:28',	NULL,	NULL,	0),
(2149,	485,	1,	2,	2,	1,	NULL,	NULL,	'2022-12-09 08:04:28',	NULL,	NULL,	0),
(2150,	486,	1,	2,	2,	1,	NULL,	NULL,	'2022-12-09 08:04:28',	NULL,	NULL,	0),
(2151,	487,	1,	2,	2,	1,	NULL,	NULL,	'2022-12-09 08:04:28',	NULL,	NULL,	0),
(2152,	488,	1,	2,	2,	1,	NULL,	NULL,	'2022-12-09 08:04:28',	NULL,	NULL,	0),
(2153,	489,	1,	2,	2,	1,	NULL,	NULL,	'2022-12-09 08:04:29',	NULL,	NULL,	0),
(2154,	490,	1,	2,	2,	1,	NULL,	NULL,	'2022-12-09 08:04:29',	NULL,	NULL,	0),
(2155,	491,	1,	2,	2,	1,	NULL,	NULL,	'2022-12-09 08:04:29',	NULL,	NULL,	0),
(2156,	492,	1,	2,	2,	1,	NULL,	NULL,	'2022-12-09 08:04:29',	NULL,	NULL,	0),
(2157,	493,	1,	2,	2,	1,	NULL,	NULL,	'2022-12-09 08:04:29',	NULL,	NULL,	0),
(2158,	494,	1,	2,	2,	1,	NULL,	NULL,	'2022-12-09 08:04:29',	NULL,	NULL,	0),
(2159,	495,	1,	2,	2,	1,	NULL,	NULL,	'2022-12-09 08:04:29',	NULL,	NULL,	0),
(2160,	497,	1,	2,	2,	1,	NULL,	NULL,	'2022-12-09 08:04:29',	NULL,	NULL,	0),
(2161,	498,	1,	2,	2,	1,	NULL,	NULL,	'2022-12-09 08:04:29',	NULL,	NULL,	0),
(2162,	499,	1,	2,	2,	1,	NULL,	NULL,	'2022-12-09 08:04:29',	NULL,	NULL,	0),
(2163,	500,	1,	2,	2,	1,	NULL,	NULL,	'2022-12-09 08:04:29',	NULL,	NULL,	0),
(2164,	501,	1,	2,	2,	1,	NULL,	NULL,	'2022-12-09 08:04:29',	NULL,	NULL,	0),
(2165,	502,	1,	2,	2,	1,	NULL,	NULL,	'2022-12-09 08:04:29',	NULL,	NULL,	0),
(2166,	503,	1,	2,	2,	1,	NULL,	NULL,	'2022-12-09 08:04:29',	NULL,	NULL,	0),
(2167,	504,	1,	2,	2,	1,	NULL,	NULL,	'2022-12-09 08:04:29',	NULL,	NULL,	0),
(2168,	505,	1,	2,	2,	1,	NULL,	NULL,	'2022-12-09 08:04:29',	NULL,	NULL,	0),
(2169,	506,	1,	2,	2,	1,	NULL,	NULL,	'2022-12-09 08:04:30',	NULL,	NULL,	0),
(2170,	507,	1,	2,	2,	1,	NULL,	NULL,	'2022-12-09 08:04:30',	NULL,	NULL,	0),
(2171,	508,	1,	2,	2,	1,	NULL,	NULL,	'2022-12-09 08:04:30',	NULL,	NULL,	0),
(2172,	509,	1,	2,	2,	1,	NULL,	NULL,	'2022-12-09 08:04:30',	NULL,	NULL,	0),
(2173,	510,	1,	2,	2,	1,	NULL,	NULL,	'2022-12-09 08:04:30',	NULL,	NULL,	0),
(2174,	511,	1,	2,	2,	1,	NULL,	NULL,	'2022-12-09 08:04:30',	NULL,	NULL,	0),
(2175,	512,	1,	2,	2,	1,	NULL,	NULL,	'2022-12-09 08:04:30',	NULL,	NULL,	0),
(2176,	513,	1,	2,	2,	1,	NULL,	NULL,	'2022-12-09 08:04:30',	NULL,	NULL,	0),
(2177,	514,	1,	2,	2,	1,	NULL,	NULL,	'2022-12-09 08:04:30',	NULL,	NULL,	0),
(2178,	515,	1,	2,	2,	1,	NULL,	NULL,	'2022-12-09 08:04:30',	NULL,	NULL,	0),
(2179,	516,	1,	2,	2,	1,	NULL,	NULL,	'2022-12-09 08:04:30',	NULL,	NULL,	0),
(2180,	517,	1,	2,	2,	1,	NULL,	NULL,	'2022-12-09 08:04:30',	NULL,	NULL,	0),
(2181,	518,	1,	2,	2,	1,	NULL,	NULL,	'2022-12-09 08:04:31',	NULL,	NULL,	0),
(2182,	519,	1,	2,	2,	1,	NULL,	NULL,	'2022-12-09 08:04:31',	NULL,	NULL,	0),
(2183,	520,	1,	2,	2,	1,	NULL,	NULL,	'2022-12-09 08:04:31',	NULL,	NULL,	0),
(2184,	521,	1,	2,	2,	1,	NULL,	NULL,	'2022-12-09 08:04:31',	NULL,	NULL,	0),
(2185,	522,	1,	2,	2,	1,	NULL,	NULL,	'2022-12-09 08:04:31',	NULL,	NULL,	0),
(2186,	523,	1,	2,	2,	1,	NULL,	NULL,	'2022-12-09 08:04:31',	NULL,	NULL,	0),
(2187,	524,	1,	2,	2,	1,	NULL,	NULL,	'2022-12-09 08:04:31',	NULL,	NULL,	0),
(2188,	525,	1,	2,	2,	1,	NULL,	NULL,	'2022-12-09 08:04:31',	NULL,	NULL,	0),
(2189,	526,	1,	2,	2,	1,	NULL,	NULL,	'2022-12-09 08:04:31',	NULL,	NULL,	0),
(2190,	527,	1,	2,	2,	1,	NULL,	NULL,	'2022-12-09 08:04:31',	NULL,	NULL,	0),
(2191,	528,	1,	2,	2,	1,	NULL,	NULL,	'2022-12-09 08:04:31',	NULL,	NULL,	0),
(2192,	530,	1,	2,	2,	1,	NULL,	NULL,	'2022-12-09 08:04:31',	NULL,	NULL,	0),
(2193,	531,	1,	2,	2,	1,	NULL,	NULL,	'2022-12-09 08:04:31',	NULL,	NULL,	0),
(2194,	532,	1,	2,	2,	1,	NULL,	NULL,	'2022-12-09 08:04:32',	NULL,	NULL,	0),
(2195,	533,	1,	2,	2,	1,	NULL,	NULL,	'2022-12-09 08:04:32',	NULL,	NULL,	0),
(2196,	534,	1,	2,	2,	1,	NULL,	NULL,	'2022-12-09 08:04:32',	NULL,	NULL,	0),
(2197,	535,	1,	2,	2,	1,	NULL,	NULL,	'2022-12-09 08:04:32',	NULL,	NULL,	0),
(2198,	536,	1,	2,	2,	1,	NULL,	NULL,	'2022-12-09 08:04:32',	NULL,	NULL,	0),
(2199,	537,	1,	2,	2,	1,	NULL,	NULL,	'2022-12-09 08:04:32',	NULL,	NULL,	0),
(2200,	538,	1,	2,	2,	1,	NULL,	NULL,	'2022-12-09 08:04:32',	NULL,	NULL,	0),
(2201,	539,	1,	2,	2,	1,	NULL,	NULL,	'2022-12-09 08:04:32',	NULL,	NULL,	0),
(2202,	540,	1,	2,	2,	1,	NULL,	NULL,	'2022-12-09 08:04:32',	NULL,	NULL,	0),
(2203,	541,	1,	2,	2,	1,	NULL,	NULL,	'2022-12-09 08:04:32',	NULL,	NULL,	0),
(2204,	542,	1,	2,	2,	1,	NULL,	NULL,	'2022-12-09 08:04:32',	NULL,	NULL,	0),
(2205,	543,	1,	2,	2,	1,	NULL,	NULL,	'2022-12-09 08:04:32',	NULL,	NULL,	0),
(2206,	544,	1,	2,	2,	1,	NULL,	NULL,	'2022-12-09 08:04:32',	NULL,	NULL,	0),
(2207,	545,	1,	2,	2,	1,	NULL,	NULL,	'2022-12-09 08:04:33',	NULL,	NULL,	0),
(2208,	546,	1,	2,	2,	1,	NULL,	NULL,	'2022-12-09 08:04:33',	NULL,	NULL,	0),
(2209,	547,	1,	2,	2,	1,	NULL,	NULL,	'2022-12-09 08:04:33',	NULL,	NULL,	0),
(2210,	548,	1,	2,	2,	1,	NULL,	NULL,	'2022-12-09 08:04:33',	NULL,	NULL,	0),
(2211,	549,	1,	2,	2,	1,	NULL,	NULL,	'2022-12-09 08:04:33',	NULL,	NULL,	0),
(2212,	550,	1,	2,	2,	1,	NULL,	NULL,	'2022-12-09 08:04:33',	NULL,	NULL,	0),
(2213,	551,	1,	2,	2,	1,	NULL,	NULL,	'2022-12-09 08:04:33',	NULL,	NULL,	0),
(2214,	552,	1,	2,	2,	1,	NULL,	NULL,	'2022-12-09 08:04:33',	NULL,	NULL,	0),
(2215,	553,	1,	2,	2,	1,	NULL,	NULL,	'2022-12-09 08:04:33',	NULL,	NULL,	0),
(2216,	554,	1,	2,	2,	1,	NULL,	NULL,	'2022-12-09 08:04:33',	NULL,	NULL,	0),
(2217,	555,	1,	2,	2,	1,	NULL,	NULL,	'2022-12-09 08:04:34',	NULL,	NULL,	0),
(2218,	556,	1,	2,	2,	1,	NULL,	NULL,	'2022-12-09 08:04:34',	NULL,	NULL,	0),
(2219,	557,	1,	2,	2,	1,	NULL,	NULL,	'2022-12-09 08:04:34',	NULL,	NULL,	0),
(2220,	558,	1,	2,	2,	1,	NULL,	NULL,	'2022-12-09 08:04:34',	NULL,	NULL,	0),
(2221,	559,	1,	2,	2,	1,	NULL,	NULL,	'2022-12-09 08:04:34',	NULL,	NULL,	0),
(2222,	560,	1,	2,	2,	1,	NULL,	NULL,	'2022-12-09 08:04:34',	NULL,	NULL,	0),
(2223,	561,	1,	2,	2,	1,	NULL,	NULL,	'2022-12-09 08:04:34',	NULL,	NULL,	0),
(2224,	562,	1,	2,	2,	1,	NULL,	NULL,	'2022-12-09 08:04:34',	NULL,	NULL,	0),
(2225,	563,	1,	2,	2,	1,	NULL,	NULL,	'2022-12-09 08:04:34',	NULL,	NULL,	0),
(2226,	564,	1,	2,	2,	1,	NULL,	NULL,	'2022-12-09 08:04:34',	NULL,	NULL,	0),
(2227,	565,	1,	2,	2,	1,	NULL,	NULL,	'2022-12-09 08:04:34',	NULL,	NULL,	0),
(2228,	566,	1,	2,	2,	1,	NULL,	NULL,	'2022-12-09 08:04:34',	NULL,	NULL,	0),
(2229,	567,	1,	2,	2,	1,	NULL,	NULL,	'2022-12-09 08:04:35',	NULL,	NULL,	0),
(2230,	568,	1,	2,	2,	1,	NULL,	NULL,	'2022-12-09 08:04:35',	NULL,	NULL,	0),
(2231,	569,	1,	2,	2,	1,	NULL,	NULL,	'2022-12-09 08:04:35',	NULL,	NULL,	0),
(2232,	570,	1,	2,	2,	1,	NULL,	NULL,	'2022-12-09 08:04:35',	NULL,	NULL,	0),
(2233,	571,	1,	2,	2,	1,	NULL,	NULL,	'2022-12-09 08:04:35',	NULL,	NULL,	0),
(2234,	572,	1,	2,	2,	1,	NULL,	NULL,	'2022-12-09 08:04:35',	NULL,	NULL,	0),
(2235,	573,	1,	2,	2,	1,	NULL,	NULL,	'2022-12-09 08:04:35',	NULL,	NULL,	0),
(2236,	574,	1,	2,	2,	1,	NULL,	NULL,	'2022-12-09 08:04:35',	NULL,	NULL,	0);

DROP TABLE IF EXISTS "cnfg_acl_controllers";
DROP SEQUENCE IF EXISTS cnfg_acl_controllers_controller_id_seq;
CREATE SEQUENCE cnfg_acl_controllers_controller_id_seq INCREMENT 1 MINVALUE 1 MAXVALUE 2147483647 CACHE 1;

CREATE TABLE "public"."cnfg_acl_controllers" (
    "controller_id" integer DEFAULT nextval('cnfg_acl_controllers_controller_id_seq') NOT NULL,
    "controller_module_id" bigint NOT NULL,
    "controller_name" text NOT NULL,
    "controller_label" text NOT NULL,
    "controller_desc" text NOT NULL,
    "u_created" bigint,
    "u_modified" bigint,
    "u_deleted" bigint,
    "t_created" timestamp(0),
    "t_modified" timestamp(0),
    "t_deleted" timestamp(0),
    "deleted" smallint DEFAULT '0' NOT NULL,
    CONSTRAINT "cnfg_acl_controllers_pkey" PRIMARY KEY ("controller_id")
) WITH (oids = false);

TRUNCATE "cnfg_acl_controllers";
INSERT INTO "cnfg_acl_controllers" ("controller_id", "controller_module_id", "controller_name", "controller_label", "controller_desc", "u_created", "u_modified", "u_deleted", "t_created", "t_modified", "t_deleted", "deleted") VALUES
(67,	43,	'users',	'users Related',	'users Related activity',	1,	NULL,	NULL,	'2022-12-09 08:03:57',	NULL,	NULL,	0),
(68,	44,	'default',	'Defaut Related',	'Defaut Related activity',	1,	NULL,	NULL,	'2022-12-09 08:03:57',	NULL,	NULL,	0),
(69,	45,	'config',	'config Related',	'config Related activity',	1,	NULL,	NULL,	'2022-12-09 08:03:58',	NULL,	NULL,	0),
(70,	46,	'master',	'Employee Master',	'Employee Recods and Documents',	1,	NULL,	NULL,	'2022-12-09 08:03:58',	NULL,	NULL,	0),
(71,	46,	'salary',	'Employee Salary',	'Employee Salary Recods and Monthly Salary ',	1,	NULL,	NULL,	'2022-12-09 08:04:00',	NULL,	NULL,	0),
(72,	47,	'master',	'Propery Master and Document Management',	'Propery Master and Document Management',	1,	NULL,	NULL,	'2022-12-09 08:04:00',	NULL,	NULL,	0),
(73,	47,	'rent',	'Propery Rentals',	'Propery Rental and Demand',	1,	NULL,	NULL,	'2022-12-09 08:04:01',	NULL,	NULL,	0),
(74,	48,	'master',	'Vehicle and Document Management',	'Vehicle and Document Management
				',	1,	NULL,	NULL,	'2022-12-09 08:04:01',	NULL,	NULL,	0),
(75,	48,	'services',	'Vehicle Service Management',	'Vehicle Service Management',	1,	NULL,	NULL,	'2022-12-09 08:04:02',	NULL,	NULL,	0),
(76,	49,	'expense',	'Expense Management',	'Expense Management
				',	1,	NULL,	NULL,	'2022-12-09 08:04:02',	NULL,	NULL,	0),
(77,	49,	'payments',	'Payments Management',	'Payments Management Related Operations
				',	1,	NULL,	NULL,	'2022-12-09 08:04:03',	NULL,	NULL,	0),
(78,	50,	'bill',	'Invoice Management',	'Invoice Management
				',	1,	NULL,	NULL,	'2022-12-09 08:04:04',	NULL,	NULL,	0),
(79,	50,	'collection',	'Cash Collection',	'Cash Collection Management
				',	1,	NULL,	NULL,	'2022-12-09 08:04:04',	NULL,	NULL,	0),
(80,	51,	'company',	'Company Documents Management',	'Company Documents Management
				',	1,	NULL,	NULL,	'2022-12-09 08:04:05',	NULL,	NULL,	0),
(81,	51,	'updates',	'Updates and Notifiction Management',	'Updates and Notifiction Management
				',	1,	NULL,	NULL,	'2022-12-09 08:04:05',	NULL,	NULL,	0),
(82,	51,	'documents',	'Common Documents Management',	'Common Documents Management
				',	1,	NULL,	NULL,	'2022-12-09 08:04:06',	NULL,	NULL,	0),
(83,	52,	'cashflow',	'Cash Flow Management',	'Cash Flow Related activity',	1,	NULL,	NULL,	'2022-12-09 08:04:06',	NULL,	NULL,	0),
(84,	52,	'cashbook',	'Cash Book Management',	'Cash Book Management',	1,	NULL,	NULL,	'2022-12-09 08:04:07',	NULL,	NULL,	0),
(85,	53,	'customer',	'Customer Management',	'Customer Related activity',	1,	NULL,	NULL,	'2022-12-09 08:04:07',	NULL,	NULL,	0),
(86,	53,	'vendor',	'Vendor Management',	'Vendor Related activity',	1,	NULL,	NULL,	'2022-12-09 08:04:08',	NULL,	NULL,	0),
(87,	53,	'item',	'Item Management',	'Item Related activity',	1,	NULL,	NULL,	'2022-12-09 08:04:08',	NULL,	NULL,	0),
(88,	54,	'employee',	'Employee/ HR Reports',	'Employee/ HR Reports',	1,	NULL,	NULL,	'2022-12-09 08:04:09',	NULL,	NULL,	0),
(89,	54,	'property',	'Property/ Rental and Collection Reports',	'Property and Rental Reports',	1,	NULL,	NULL,	'2022-12-09 08:04:09',	NULL,	NULL,	0),
(90,	54,	'vehicle',	'Vehicles Contract and Expenses Reports',	'Vehicles and Contract Reports',	1,	NULL,	NULL,	'2022-12-09 08:04:10',	NULL,	NULL,	0),
(91,	54,	'expense',	'Expenses and PAyments Reports',	'Expenses Reports',	1,	NULL,	NULL,	'2022-12-09 08:04:11',	NULL,	NULL,	0),
(92,	54,	' invoice',	'Invoice and Collection Reports',	'Invoice and Collection Reports',	1,	NULL,	NULL,	'2022-12-09 08:04:11',	NULL,	NULL,	0);

DROP TABLE IF EXISTS "cnfg_acl_controllers_access";
DROP SEQUENCE IF EXISTS cnfg_acl_controllers_access_cacc_id_seq;
CREATE SEQUENCE cnfg_acl_controllers_access_cacc_id_seq INCREMENT 1 MINVALUE 1 MAXVALUE 2147483647 CACHE 1;

CREATE TABLE "public"."cnfg_acl_controllers_access" (
    "cacc_id" integer DEFAULT nextval('cnfg_acl_controllers_access_cacc_id_seq') NOT NULL,
    "cacc_controller_id" bigint NOT NULL,
    "cacc_role_id" bigint NOT NULL,
    "cacc_role_type" smallint NOT NULL,
    "cacc_create_status" smallint DEFAULT '1' NOT NULL,
    "cacc_update_status" smallint DEFAULT '1' NOT NULL,
    "cacc_view_status" smallint DEFAULT '1' NOT NULL,
    "cacc_delete_status" smallint DEFAULT '1' NOT NULL,
    "u_created" bigint,
    "u_modified" bigint,
    "u_deleted" bigint,
    "t_created" timestamp(0),
    "t_modified" timestamp(0),
    "t_deleted" timestamp(0),
    "deleted" smallint DEFAULT '0' NOT NULL,
    CONSTRAINT "cnfg_acl_controllers_access_pkey" PRIMARY KEY ("cacc_id")
) WITH (oids = false);

TRUNCATE "cnfg_acl_controllers_access";
INSERT INTO "cnfg_acl_controllers_access" ("cacc_id", "cacc_controller_id", "cacc_role_id", "cacc_role_type", "cacc_create_status", "cacc_update_status", "cacc_view_status", "cacc_delete_status", "u_created", "u_modified", "u_deleted", "t_created", "t_modified", "t_deleted", "deleted") VALUES
(335,	67,	1,	2,	2,	2,	2,	2,	1,	NULL,	NULL,	'2022-12-09 08:04:24',	NULL,	NULL,	0),
(336,	68,	1,	2,	2,	2,	2,	2,	1,	NULL,	NULL,	'2022-12-09 08:04:25',	NULL,	NULL,	0),
(337,	69,	1,	2,	2,	2,	2,	2,	1,	NULL,	NULL,	'2022-12-09 08:04:25',	NULL,	NULL,	0),
(338,	70,	1,	2,	2,	2,	2,	2,	1,	NULL,	NULL,	'2022-12-09 08:04:25',	NULL,	NULL,	0),
(339,	71,	1,	2,	2,	2,	2,	2,	1,	NULL,	NULL,	'2022-12-09 08:04:26',	NULL,	NULL,	0),
(340,	72,	1,	2,	2,	2,	2,	2,	1,	NULL,	NULL,	'2022-12-09 08:04:26',	NULL,	NULL,	0),
(341,	73,	1,	2,	2,	2,	2,	2,	1,	NULL,	NULL,	'2022-12-09 08:04:27',	NULL,	NULL,	0),
(342,	74,	1,	2,	2,	2,	2,	2,	1,	NULL,	NULL,	'2022-12-09 08:04:27',	NULL,	NULL,	0),
(343,	75,	1,	2,	2,	2,	2,	2,	1,	NULL,	NULL,	'2022-12-09 08:04:28',	NULL,	NULL,	0),
(344,	76,	1,	2,	2,	2,	2,	2,	1,	NULL,	NULL,	'2022-12-09 08:04:29',	NULL,	NULL,	0),
(345,	77,	1,	2,	2,	2,	2,	2,	1,	NULL,	NULL,	'2022-12-09 08:04:29',	NULL,	NULL,	0),
(346,	78,	1,	2,	2,	2,	2,	2,	1,	NULL,	NULL,	'2022-12-09 08:04:30',	NULL,	NULL,	0),
(347,	79,	1,	2,	2,	2,	2,	2,	1,	NULL,	NULL,	'2022-12-09 08:04:30',	NULL,	NULL,	0),
(348,	80,	1,	2,	2,	2,	2,	2,	1,	NULL,	NULL,	'2022-12-09 08:04:30',	NULL,	NULL,	0),
(349,	81,	1,	2,	2,	2,	2,	2,	1,	NULL,	NULL,	'2022-12-09 08:04:31',	NULL,	NULL,	0),
(350,	82,	1,	2,	2,	2,	2,	2,	1,	NULL,	NULL,	'2022-12-09 08:04:31',	NULL,	NULL,	0),
(351,	83,	1,	2,	2,	2,	2,	2,	1,	NULL,	NULL,	'2022-12-09 08:04:31',	NULL,	NULL,	0),
(352,	84,	1,	2,	2,	2,	2,	2,	1,	NULL,	NULL,	'2022-12-09 08:04:32',	NULL,	NULL,	0),
(353,	85,	1,	2,	2,	2,	2,	2,	1,	NULL,	NULL,	'2022-12-09 08:04:32',	NULL,	NULL,	0),
(354,	86,	1,	2,	2,	2,	2,	2,	1,	NULL,	NULL,	'2022-12-09 08:04:33',	NULL,	NULL,	0),
(355,	87,	1,	2,	2,	2,	2,	2,	1,	NULL,	NULL,	'2022-12-09 08:04:33',	NULL,	NULL,	0),
(356,	88,	1,	2,	2,	2,	2,	2,	1,	NULL,	NULL,	'2022-12-09 08:04:33',	NULL,	NULL,	0),
(357,	89,	1,	2,	2,	2,	2,	2,	1,	NULL,	NULL,	'2022-12-09 08:04:34',	NULL,	NULL,	0),
(358,	90,	1,	2,	2,	2,	2,	2,	1,	NULL,	NULL,	'2022-12-09 08:04:34',	NULL,	NULL,	0),
(359,	91,	1,	2,	2,	2,	2,	2,	1,	NULL,	NULL,	'2022-12-09 08:04:34',	NULL,	NULL,	0),
(360,	92,	1,	2,	2,	2,	2,	2,	1,	NULL,	NULL,	'2022-12-09 08:04:35',	NULL,	NULL,	0);

DROP TABLE IF EXISTS "cnfg_acl_modules";
DROP SEQUENCE IF EXISTS cnfg_acl_modules_module_id_seq;
CREATE SEQUENCE cnfg_acl_modules_module_id_seq INCREMENT 1 MINVALUE 1 MAXVALUE 2147483647 CACHE 1;

CREATE TABLE "public"."cnfg_acl_modules" (
    "module_id" integer DEFAULT nextval('cnfg_acl_modules_module_id_seq') NOT NULL,
    "module_name" text NOT NULL,
    "module_label" text NOT NULL,
    "module_desc" text NOT NULL,
    "u_created" bigint,
    "u_modified" bigint,
    "u_deleted" bigint,
    "t_created" timestamp(0),
    "t_modified" timestamp(0),
    "t_deleted" timestamp(0),
    "deleted" smallint DEFAULT '0' NOT NULL,
    CONSTRAINT "cnfg_acl_modules_pkey" PRIMARY KEY ("module_id")
) WITH (oids = false);

TRUNCATE "cnfg_acl_modules";
INSERT INTO "cnfg_acl_modules" ("module_id", "module_name", "module_label", "module_desc", "u_created", "u_modified", "u_deleted", "t_created", "t_modified", "t_deleted", "deleted") VALUES
(43,	'admin',	'admin Module',	'admin activities',	1,	NULL,	NULL,	'2022-12-09 08:03:57',	NULL,	NULL,	0),
(44,	'default',	'Defaut Module',	'Default activities',	1,	NULL,	NULL,	'2022-12-09 08:03:57',	NULL,	NULL,	0),
(45,	'acl',	'acl Module',	'acl activities',	1,	NULL,	NULL,	'2022-12-09 08:03:58',	NULL,	NULL,	0),
(46,	'erp_employee',	'Employee Module',	'Employee Master and Salary',	1,	NULL,	NULL,	'2022-12-09 08:03:58',	NULL,	NULL,	0),
(47,	'erp_property',	'Propery Module',	'Propery Master and Rent ',	1,	NULL,	NULL,	'2022-12-09 08:04:00',	NULL,	NULL,	0),
(48,	'erp_vehicle',	'Vehicle Management',	'Vehicle Management ',	1,	NULL,	NULL,	'2022-12-09 08:04:01',	NULL,	NULL,	0),
(49,	'erp_expense',	'Expense Management',	'Expense Management ',	1,	NULL,	NULL,	'2022-12-09 08:04:02',	NULL,	NULL,	0),
(50,	'erp_invoice',	'Invoice and Cash Collection ',	'Invoice and Cash Collection Management',	1,	NULL,	NULL,	'2022-12-09 08:04:03',	NULL,	NULL,	0),
(51,	'erp_manage',	' Company and Common Document  ',	' Company and Common Document Management',	1,	NULL,	NULL,	'2022-12-09 08:04:05',	NULL,	NULL,	0),
(52,	'erp_fund',	'Cash and Fund Flow Module',	'Cash and Fund Flow Module',	1,	NULL,	NULL,	'2022-12-09 08:04:06',	NULL,	NULL,	0),
(53,	'erp_masters',	'Common Masters ',	'Common Masters',	1,	NULL,	NULL,	'2022-12-09 08:04:07',	NULL,	NULL,	0),
(54,	'erp_report',	'ERP Reports ',	'ERP Reports',	1,	NULL,	NULL,	'2022-12-09 08:04:09',	NULL,	NULL,	0);

DROP TABLE IF EXISTS "cnfg_acl_modules_access";
DROP SEQUENCE IF EXISTS cnfg_acl_modules_access_macc_id_seq;
CREATE SEQUENCE cnfg_acl_modules_access_macc_id_seq INCREMENT 1 MINVALUE 1 MAXVALUE 2147483647 CACHE 1;

CREATE TABLE "public"."cnfg_acl_modules_access" (
    "macc_id" integer DEFAULT nextval('cnfg_acl_modules_access_macc_id_seq') NOT NULL,
    "macc_module_id" bigint NOT NULL,
    "macc_role_id" bigint NOT NULL,
    "macc_role_type" smallint NOT NULL,
    "macc_create_status" smallint DEFAULT '1' NOT NULL,
    "macc_update_status" smallint DEFAULT '1' NOT NULL,
    "macc_view_status" smallint DEFAULT '1' NOT NULL,
    "macc_delete_status" smallint DEFAULT '1' NOT NULL,
    "u_created" bigint,
    "u_modified" bigint,
    "u_deleted" bigint,
    "t_created" timestamp(0),
    "t_modified" timestamp(0),
    "t_deleted" timestamp(0),
    "deleted" smallint DEFAULT '0' NOT NULL,
    CONSTRAINT "cnfg_acl_modules_access_pkey" PRIMARY KEY ("macc_id")
) WITH (oids = false);

TRUNCATE "cnfg_acl_modules_access";
INSERT INTO "cnfg_acl_modules_access" ("macc_id", "macc_module_id", "macc_role_id", "macc_role_type", "macc_create_status", "macc_update_status", "macc_view_status", "macc_delete_status", "u_created", "u_modified", "u_deleted", "t_created", "t_modified", "t_deleted", "deleted") VALUES
(212,	43,	1,	2,	2,	2,	2,	2,	1,	NULL,	NULL,	'2022-12-09 08:04:24',	NULL,	NULL,	0),
(213,	44,	1,	2,	2,	2,	2,	2,	1,	NULL,	NULL,	'2022-12-09 08:04:24',	NULL,	NULL,	0),
(214,	45,	1,	2,	2,	2,	2,	2,	1,	NULL,	NULL,	'2022-12-09 08:04:25',	NULL,	NULL,	0),
(215,	46,	1,	2,	2,	2,	2,	2,	1,	NULL,	NULL,	'2022-12-09 08:04:25',	NULL,	NULL,	0),
(216,	47,	1,	2,	2,	2,	2,	2,	1,	NULL,	NULL,	'2022-12-09 08:04:26',	NULL,	NULL,	0),
(217,	48,	1,	2,	2,	2,	2,	2,	1,	NULL,	NULL,	'2022-12-09 08:04:27',	NULL,	NULL,	0),
(218,	49,	1,	2,	2,	2,	2,	2,	1,	NULL,	NULL,	'2022-12-09 08:04:28',	NULL,	NULL,	0),
(219,	50,	1,	2,	2,	2,	2,	2,	1,	NULL,	NULL,	'2022-12-09 08:04:29',	NULL,	NULL,	0),
(220,	51,	1,	2,	2,	2,	2,	2,	1,	NULL,	NULL,	'2022-12-09 08:04:30',	NULL,	NULL,	0),
(221,	52,	1,	2,	2,	2,	2,	2,	1,	NULL,	NULL,	'2022-12-09 08:04:31',	NULL,	NULL,	0),
(222,	53,	1,	2,	2,	2,	2,	2,	1,	NULL,	NULL,	'2022-12-09 08:04:32',	NULL,	NULL,	0),
(223,	54,	1,	2,	2,	2,	2,	2,	1,	NULL,	NULL,	'2022-12-09 08:04:33',	NULL,	NULL,	0);

-- 2022-12-09 14:53:20.953418+05:30
